day,psa,on_treatment
0.0,6.3,1
32.94117647,5.5,1
76.47058824,1.5,1
125.8823529,6.4,1
