parameter,label,mean,std,p5,p25,p50,p75,p95,cv_%,ks_pvalue
r_plus,"r‚āä  (growth, T+)",0.002746,0.000801,0.001753,0.002186,0.002653,0.003136,0.004146,29.162694,0.911119117905945
r_prod,"r‚āö  (growth, Tp)",0.003426,0.000994,0.001871,0.002704,0.003453,0.004136,0.004966,29.01666,0.4632532820993298
r_minus,"r‚āč  (growth, T‚ąí)",0.006609,0.001648,0.004226,0.005614,0.00657,0.007555,0.00895,24.932255,0.8150133062973062
delta_plus,őī‚āä  (drug kill),0.140334,0.05316,0.057422,0.099022,0.131303,0.179526,0.228793,37.881221,0.6597079216038237
T0_plus,T‚āÄ‚āä (init T+),5282.393693,2581.423883,1800.950634,3506.189777,4780.802306,6981.963023,10078.995214,48.868449,0.9098353669905379
T0_prod,T‚āÄ‚āö (init Tp),475.504935,342.762637,132.988499,271.251253,393.465203,581.174224,978.347816,72.083929,0.9266186748279763
T0_minus,T‚āÄ‚āč (init T‚ąí),42.988403,31.765818,10.711819,21.196674,35.444445,56.514781,95.508736,73.893925,0.9830210351671428
